F001,Dr. Alice Brown,CS,alicebrown@example.com,0871234567,0987654321,CSG101,Mon-Fri 9-5,19750115
F002,Prof. Robert Green,ET,robertgreen@example.com,0862345678,9876543210,ET1202,Mon-Fri 10-6,19800220
F003,Dr. Carol White,CS,carolwhite@example.com,0853456789,8765432109,CSG303,Mon-Fri 8-4,19730325
F004,Prof. David Black,ET,davidblack@example.com,0834567890,7654321098,ETG404,Mon-Fri 11-7,19781010
F005,Dr. Emily Gray,CS,emilygray@example.com,0895678901,6543210987,CSG505,Mon-Fri 7-3,19851205
F006,Prof. Michael Red,ET,michaelred@example.com,0866789012,5432109876,ETG606,Mon-Fri 12-8,19701030
F007,Dr. Sarah Blue,CS,sarahblue@example.com,0877890123,4321098765,CSG707,Mon-Fri 6-2,19870315
F008,Prof. John White,ET,johnwhite@example.com,0868901234,3210987654,ET1808,Mon-Fri 1-9,19651220
F009,Dr. Laura Green,CS,lauragreen@example.com,0859012345,2109876543,CS2909,Mon-Fri 5-1,19790225
F010,Prof. Mark Black,ET,markblack@example.com,0870123456,1098765432,ETG010,Mon-Fri 2-10,19820610
