CS1011,Introduction to Programming,1,6,CS,F001
CS2022,Web Development,2,6,CS,F003
CS3033,Data Structures,3,6,CS,F005
CS4044,Algorithms,4,6,CS,F007
ET1011,Introduction to Electronics,1,6,ET,F002
ET2022,Digital Circuits,2,6,ET,F004
ET3033,Signals and Systems,3,6,ET,F006
ET4044,Embedded Systems,4,6,ET,F008
CS5055,Advanced Programming,5,6,CS,F009
ET5055,Computer Networks,5,6,ET,F010
CS6066,Database Systems,6,6,CS,F002
ET6066,Artificial Intelligence,6,6,ET,F004
CS7077,Software Engineering,7,6,CS,F006
ET7077,Computer Vision,7,6,ET,F008
CS8088,Cloud Computing,8,6,CS,F010
ET8088,Internet of Things,8,6,ET,F010
CS9099,Machine Learning,9,6,CS,F001
ET9099,Robotics,9,6,ET,F004
CS10101,Blockchain Technology,10,6,CS,F002
ET10101,Advanced Algorithms,10,6,ET,F006
