S1001,John Doe,CS101,2,johndoe@example.com,1995-08-15,V42AB12,0891234567,0877654321,2021-09-01
S1002,Jane Smith,ET101,3,janesmith@example.com,1994-06-22,V94XY90,0862345678,0839876543,2020-09-01
S1003,Robert Johnson,CS201,1,robertjohnson@example.com,1998-01-10,V94AB34,0853456789,0868765432,2022-09-01
S1004,Alice Brown,ET201,3,alicebrown@example.com,1993-12-05,V94CD56,0834567890,0876543210,2019-09-01
S1005,Michael White,CS101,2,michaelwhite@example.com,1996-09-18,V94EF78,0875678901,0863456789,2020-09-01
S1006,Emily Turner,ET101,1,emilyturner@example.com,1999-04-30,V94GH90,0866789012,0832345678,2022-09-01
S1007,Christopher Walker,CS201,2,christopherwalker@example.com,1997-07-25,V94IJ12,0857890123,0878765432,2021-09-01
S1008,Sophia Hall,ET201,3,sophiahall@example.com,1994-02-14,V94KL34,0868901234,0839876543,2020-09-01
S1009,David Garcia,CS101,1,davidgarcia@example.com,1998-11-02,V94MN56,0831234567,0868765432,2022-09-01
S1010,Olivia Martinez,ET101,3,oliviamartinez@example.com,1993-10-20,V94OP78,0872345678,0832345678,2019-09-01
S1011,William Wright,CS201,2,williamwright@example.com,1996-05-08,V94QR90,0853456789,0863456789,2020-09-01
S1012,Ella Scott,ET201,1,ellascott@example.com,1999-08-12,V94ST12,0864567890,0874567890,2022-09-01
S1013,James Taylor,CS101,2,jamestaylor@example.com,1997-03-28,V94UV34,0875678901,0865678901,2021-09-01
S1014,Grace King,ET101,3,graceking@example.com,1994-09-03,V94WX56,0866789012,0836789012,2020-09-01
S1015,Daniel Adams,CS201,1,danieladams@example.com,1998-06-15,V94YZ78,0837890123,0877890123,2022-09-01
S1016,Ava Hernandez,ET201,3,avahernandez@example.com,1993-04-22,V94AB12,0878901234,0868901234,2019-09-01
S1017,Liam Nelson,CS101,2,liamnelson@example.com,1996-01-17,V94CD34,0869012345,0839012345,2020-09-01
S1018,Chloe Baker,ET101,1,chloebaker@example.com,1999-10-05,V94EF56,0870123456,0860123456,2022-09-01
S1019,Mason Foster,CS201,2,masonfoster@example.com,1997-09-29,V94GH78,0861234567,0831234567,2021-09-01
S1020,Sofia Butler,ET201,3,sofiabutler@example.com,1994-07-14,V94IJ90,0832345678,0872345678,2020-09-01
