CS001,Bachelor of Science in Computer Systems,Undergraduate,4
CS002,Bachelor of Science in Computer Games Development,Undergraduate,4
CS003,Bachelor of Science in Cyber Security and IT Forensics,Undergraduate,4
ET001,Bachelor of Engineering in Electrical Engineering,Undergraduate,4
ET002,Bachelor of Engineering in Electronic & Computer Engineering,Undergraduate,4
MS001,Bachelor of Science in Mathematical Sciences,Undergraduate,4
MS002,Bachelor of Science in Mathematics & Physics,Undergraduate,4
MS003,Bachelor of Science in Economics & Mathematics,Undergraduate,4
