CS1001,Introduction to Programming,1,6,CS,F001
CS1002,Representation and Modelling,1,6,CS,F002
CS1003,Games Modelling Design,2,6,CS,F003
CS1004,Software Development,2,6,CS,F004
CS2001,Operating Systems,3,6,CS,F005
CS2002,Object Oriented Development,3,6,CS,F001
CS2003,Intelligent Systems,4,6,CS,F002
CS2004,Event Driven Programming,4,6,CS,F003
CS3001,Project Management and Practice,5,6,CS,F004
CS3002,Professional Issues in Computing,5,6,CS,F005
CS3003,Mobile Application Development,6,6,CS,F001
CS3004,Machine Learning: Methods and Applications,6,6,CS,F002
CS4001,Systems Analysis and Design,7,6,CS,F003
CS4002,Advanced Programming Concepts and Practices,7,6,CS,F004
CS4003,Software Design and Architecture,8,6,CS,F005
CS4004,Programming Language Technology,8,6,CS,F001
ET1001,Fundamentals of Computer Organisation,1,6,ET,F006
ET1002,Computing System Organisation,1,6,ET,F007
ET1003,Electrical Engineering,2,6,ET,F008
ET1004,Engineering Computing,2,6,ET,F009
ET2001,The Engineer as a Professional,3,6,ET,F010
ET2002,Active Circuit Design 1,3,6,ET,F006
ET2003,Communications & Network Protocol,4,6,ET,F007
ET2004,Active Circuit Design 2,4,6,ET,F008
ET3001,Signals & Systems,5,6,ET,F009
ET3002,Telecommunication Fundamentals,5,6,ET,F010
ET3003,Communication and Security Protocols,6,6,ET,F006
ET3004,Sensors & Actuators,6,6,ET,F007
ET4001,Power Electronics,7,6,ET,F008
ET4002,Tensor and GPU Fundamentals,7,6,ET,F009
ET4003,Digital Control,8,6,ET,F010
ET4004,Electrical Energy,8,6,ET,F006
MS1001,Calculus 1,1,6,MS,F011
MS1002,Linear Algebra 1,1,6,MS,F012
MS1003,Calculus 2,2,6,MS,F013
MS1004,Further Linear Algebra,2,6,MS,F014
MS2001,Methods of Linear Analysis,3,6,MS,F015
MS2002,Probability Models,3,6,MS,F011
MS2003,Applied Data Analysis,4,6,MS,F012
MS2004,Partial Differential Equations,4,6,MS,F013
MS3001,Numerical Methods for PDEs,5,6,MS,F014
MS3002,Complex Analysis,5,6,MS,F015
MS3003,Advanced Data Analysis,6,6,MS,F011
MS3004,Stochastic Processes,6,6,MS,F012
MS4001,Perturbation Techniques & Asymptotics,7,6,MS,F013
MS4002,Mathematics of Natural Phenomena,7,6,MS,F014
MS4003,Dynamic Systems,8,6,MS,F015
MS4004,Mathematical Modelling,8,6,MS,F011
