S1001,John Doe,CS001,2,johndoe@example.com,2003-08-15,V42AB12,0891234567,0877654321,2021-09-01
S1002,Jane Smith,CS001,3,janesmith@example.com,2004-06-22,V94XY90,0862345678,0839876543,2020-09-01
S1003,Robert Johnson,CS002,1,robertjohnson@example.com,1998-01-10,V94AB34,0853456789,0868765432,2022-09-01
S1004,Alice Brown,CS002,3,alicebrown@example.com,2002-12-05,V94CD56,0834567890,0876543210,2019-09-01
S1005,Michael White,CS003,2,michaelwhite@example.com,1996-09-18,V94EF78,0875678901,0863456789,2020-09-01
S1006,Emily Turner,CS003,1,emilyturner@example.com,1999-04-30,V94GH90,0866789012,0832345678,2022-09-01
S1007,Christopher Walker,ET001,2,christopherwalker@example.com,1997-07-25,V94IJ12,0857890123,0878765432,2021-09-01
S1008,Sophia Hall,ET001,3,sophiahall@example.com,2001-02-14,V94KL34,0868901234,0839876543,2020-09-01
S1009,David Garcia,ET002,1,davidgarcia@example.com,2004-11-02,V94MN56,0831234567,0868765432,2022-09-01
S1010,Olivia Martinez,ET002,3,oliviamartinez@example.com,2000-10-20,V94OP78,0872345678,0832345678,2019-09-01
S1011,William Wright,MS001,2,williamwright@example.com,2002-05-08,V94QR90,0853456789,0863456789,2020-09-01
S1012,Ella Scott,MS001,1,ellascott@example.com,2003-08-12,V94ST12,0864567890,0874567890,2022-09-01
S1013,James Taylor,MS002,2,jamestaylor@example.com,2003-03-28,V94UV34,0875678901,0865678901,2021-09-01
S1014,Grace King,MS002,3,graceking@example.com,2002-09-03,V94WX56,0866789012,0836789012,2020-09-01
S1015,Daniel Adams,MS003,1,danieladams@example.com,1998-06-15,V94YZ78,0837890123,0877890123,2022-09-01
S1016,Ava Hernandez,MS003,3,avahernandez@example.com,2004-04-22,V94AB12,0878901234,0868901234,2019-09-01